b3,b4,b5,b6,b7,b8,b8a,b9,b11,b12,Cigreen,CIrededge,PSND,mARI,NDWI,NDVI,GNDVI,VH,VV,VV/VH,Yield (t/ha)
0.183760104,0.156997409,0.242888083,0.508580827,0.593809844,0.617697409,0.601222795,0.545389119,0.16170518,0.087803109,2.362874377,0.040411832,0.847360354,0.817972117,0.585024925,0.594724562,0.54145355,-19.65026649,-14.30591598,0.728026563,4.161
0.166544118,0.146826471,0.223915687,0.440192157,0.499014705,0.518165685,0.504966664,0.489829414,0.163667648,0.093244117,2.112854527,0.038374527,0.819526624,0.798272783,0.518422256,0.558242644,0.513580711,-15.73322811,-11.00063987,0.699197888,3.195
0.097506481,0.071626852,0.143997223,0.435921296,0.541909256,0.567949075,0.552540735,0.51580277,0.129915741,0.060411111,4.843559292,0.048716418,0.882192044,1.896423075,0.627022878,0.776357404,0.707220581,-16.06802697,-10.48028866,0.652244901,3.22
0.166575341,0.141904794,0.222682194,0.483079452,0.568314384,0.592876712,0.574426715,0.526448628,0.154571234,0.083782877,2.560459307,0.043492332,0.853085599,0.896468999,0.58634442,0.613757665,0.561343768,-15.32192988,-11.48112076,0.749326022,4.621
0.140575757,0.115374242,0.192777273,0.469133331,0.553016665,0.576645449,0.557904543,0.488995455,0.140974242,0.073948485,3.105243809,0.043449411,0.859770892,1.098123294,0.606984409,0.666657315,0.60804782,-15.78379112,-10.8088724,0.684808378,3.517
0.1446,0.120565518,0.194774137,0.472896553,0.57188276,0.598839657,0.579893111,0.465370689,0.147005172,0.07769138,3.150323009,0.047384042,0.869771852,1.067918288,0.605741149,0.664747544,0.610910946,-17.24141377,-12.03806767,0.69820653,4.517
0.147492011,0.1250854,0.204862259,0.452017632,0.523501103,0.54151157,0.53198485,0.507268873,0.152918732,0.078742975,2.694573947,0.034519745,0.838530914,1.040268673,0.559163464,0.624783262,0.57189705,-14.41263036,-10.3720346,0.719648971,3.631
0.158058857,0.132451428,0.210388001,0.459958286,0.534844571,0.552214288,0.541541142,0.51404743,0.154320571,0.080847999,2.508014924,0.032443977,0.839281344,0.878038386,0.562674837,0.613826241,0.555607338,-15.53142858,-10.34975536,0.666374977,4.436
0.167205406,0.141685135,0.22503964,0.48472838,0.566749099,0.589343244,0.574077479,0.556115317,0.156195947,0.082287388,2.527806122,0.039958859,0.85062247,0.907349769,0.580845458,0.612446672,0.558042669,-15.63365703,-9.690175021,0.619827786,4.664
